scene,model_north_deg,point,point_z_m,window_normal_az_deg,date,sunlit_hours_continuous,n_occluded_segments,occluders,hourly_samples_sunlit,hourly_samples_total
A,0.0,W1,1.5,180.0,2025-12-22,3.833,2,N1;N2,3,10
A,0.0,W2,10.0,180.0,2025-12-22,8.75,1,N2,8,10
A,0.0,W3,1.5,180.0,2025-12-22,6.25,2,N1;N2,5,10
A,0.0,W4,25.0,180.0,2025-12-22,9.917,0,,10,10
A,0.0,W1,1.5,180.0,2025-06-21,4.917,3,FACADE_AWAY;N2,4,14
A,0.0,W2,10.0,180.0,2025-06-21,6.167,2,FACADE_AWAY,6,14
A,0.0,W3,1.5,180.0,2025-06-21,6.167,2,FACADE_AWAY,6,14
A,0.0,W4,25.0,180.0,2025-06-21,6.167,2,FACADE_AWAY,6,14
B,30.0,W1,1.5,210.0,2025-12-22,6.417,2,FACADE_AWAY;N1,7,10
B,30.0,W2,10.0,210.0,2025-12-22,7.833,2,FACADE_AWAY;N1,8,10
B,30.0,W3,1.5,210.0,2025-12-22,6.25,2,FACADE_AWAY;N1,6,10
B,30.0,W4,25.0,210.0,2025-12-22,9.667,1,FACADE_AWAY,10,10
B,30.0,W1,1.5,210.0,2025-06-21,3.25,2,FACADE_AWAY;N2,3,14
B,30.0,W2,10.0,210.0,2025-06-21,5.667,2,FACADE_AWAY;N2,5,14
B,30.0,W3,1.5,210.0,2025-06-21,5.0,2,FACADE_AWAY;N2,5,14
B,30.0,W4,25.0,210.0,2025-06-21,8.0,1,FACADE_AWAY,8,14
